<?xml version="1.0" encoding="UTF-8" standalone="no"?>
<feature id="org.wso2.carbon.runtime" label="WSO2 Carbon Kernel - Runtime Feature" provider-name="%providerName" version="5.1.0">
  <description>This feature contains the carbon core runtime related bundles and their dependencies
        Eg : (OSGi Runtime, Declarative Service Runtime, Console, etc)</description>
  <copyright>%copyright</copyright>
  <license url="%licenseURL">%license</license>
  <plugin id="org.eclipse.equinox.simpleconfigurator.manipulator" unpack="false" version="2.0.0.v20131217-1203"/>
  <plugin id="org.ops4j.pax.logging.pax-logging-api" unpack="false" version="1.8.5"/>
  <plugin id="org.eclipse.osgi" unpack="false" version="3.10.2.v20150203-1939"/>
  <plugin id="org.eclipse.equinox.simpleconfigurator" unpack="false" version="1.1.0.v20131217-1203"/>
  <plugin id="org.ops4j.pax.logging.pax-logging-log4j2" unpack="false" version="1.8.5"/>
  <plugin id="org.eclipse.equinox.launcher.gtk.linux.x86" unpack="false" version="1.1.200.v20150204-1316"/>
  <plugin id="org.eclipse.equinox.frameworkadmin" unpack="false" version="2.0.100.v20131209-2144"/>
  <plugin id="org.eclipse.equinox.ds" unpack="false" version="1.4.200.v20131126-2331"/>
  <plugin id="org.apache.felix.gogo.runtime" unpack="false" version="0.10.0.v201209301036"/>
  <plugin id="org.eclipse.equinox.preferences" unpack="false" version="3.5.200.v20140224-1527"/>
  <plugin id="org.eclipse.equinox.cm" unpack="false" version="1.1.0.v20131021-1936"/>
  <plugin id="org.eclipse.osgi.compatibility.state" unpack="false" version="1.0.1.v20140709-1414"/>
  <plugin id="org.eclipse.equinox.frameworkadmin.equinox" unpack="false" version="1.0.500.v20131211-1531"/>
  <plugin id="org.apache.felix.gogo.command" unpack="false" version="0.10.0.v201209301215"/>
  <plugin id="org.apache.felix.gogo.shell" unpack="false" version="0.10.0.v201212101605"/>
  <plugin id="org.eclipse.equinox.launcher" unpack="false" version="1.3.0.v20140415-2008"/>
  <plugin id="org.eclipse.equinox.console" unpack="false" version="1.1.0.v20140131-1639"/>
  <plugin id="org.eclipse.equinox.concurrent" unpack="false" version="1.1.0.v20130327-1442"/>
  <plugin id="org.eclipse.osgi.services" unpack="false" version="3.4.0.v20140312-2051"/>
  <plugin id="org.eclipse.equinox.common" unpack="false" version="3.6.200.v20130402-1505"/>
  <plugin id="org.eclipse.equinox.util" unpack="false" version="1.0.500.v20130404-1337"/>
  <require/>
</feature>
